system:index,country,elevation,extract_end_date_utc,extract_ini_date_utc,extract_latitude,extract_longitude,length_days,length_fire,pyroCb_date_utc,pyroCb_id,pyroCb_latitude,pyroCb_longitude,pyroCb_time_utc,region,satellite,time_zone,wildfire_centroid_latitude,wildfire_centroid_longitude,wildfire_end_date_utc,wildfire_id,wildfire_ini_date_utc,.geo
00000000000000000035,US,2789,2021-06-02 06:00:00+00:00,2021-05-27 06:00:00+00:00,33.29999923706055,-108.5999984741211,,6,2021-05-30,179,33.29999923706055,-108.5999984741211,2100.0,New Mexico,GOES,America/Denver,,,,,,"{""type"":""MultiPoint"",""coordinates"":[]}"
00000000000000000030,US,1099,2021-06-18 07:00:00+00:00,2021-06-12 07:00:00+00:00,33.20899963378906,-111.08999633789062,,6,2021-06-15,180,33.20899963378906,-111.08999633789062,200.0,Arizona,GOES,America/Phoenix,,,,,,"{""type"":""MultiPoint"",""coordinates"":[]}"
0000000000000000002e,US,1720,2021-06-22 06:00:00+00:00,2021-06-16 06:00:00+00:00,37.70000076293945,-113.80000305175781,,6,2021-06-19,181,37.70000076293945,-113.80000305175781,2200.0,UTAH,GOES,America/Denver,,,,,,"{""type"":""MultiPoint"",""coordinates"":[]}"
0000000000000000004f,US,1593,2021-06-22 06:00:00+00:00,2021-06-16 06:00:00+00:00,37.6498908996582,-113.6604995727539,,6,2021-06-19,183,37.6498908996582,-113.6604995727539,2200.0,UTAH,GOES,America/Denver,,,,,,"{""type"":""MultiPoint"",""coordinates"":[]}"
00000000000000000013,US,598,2021-06-22 07:00:00+00:00,2021-06-16 07:00:00+00:00,36.207000732421875,-121.55999755859375,,6,2021-06-19,182,36.207000732421875,-121.55999755859375,,California,GOES,America/Los_Angeles,,,,,,"{""type"":""MultiPoint"",""coordinates"":[]}"
00000000000000000031,US,2014,2021-06-24 07:00:00+00:00,2021-06-18 07:00:00+00:00,34.36600112915039,-111.06099700927734,,6,2021-06-21,184,34.36600112915039,-111.06099700927734,2300.0,Eastern Arizona,GOES,America/Phoenix,,,,,,"{""type"":""MultiPoint"",""coordinates"":[]}"
00000000000000000034,US,2270,2021-06-24 07:00:00+00:00,2021-06-18 07:00:00+00:00,33.45800018310547,-109.39199829101562,,6,2021-06-21,185,33.45800018310547,-109.39199829101562,2300.0,Eastern Arizona,GOES,America/Phoenix,,,,,,"{""type"":""MultiPoint"",""coordinates"":[]}"
0000000000000000000d,US,1310,2021-07-04 07:00:00+00:00,2021-06-28 07:00:00+00:00,41.45899963378906,-122.3290023803711,,6,2021-07-01,189,41.45899963378906,-122.3290023803711,209.0,"California, North of Mount shasta",GOES,America/Los_Angeles,,,,,,"{""type"":""MultiPoint"",""coordinates"":[]}"
00000000000000000020,US,1916,2021-07-12 07:00:00+00:00,2021-07-06 07:00:00+00:00,39.875,-120.36799621582031,,6,2021-07-09,196,39.875,-120.36799621582031,2120.0,California,GOES,America/Los_Angeles,,,,,,"{""type"":""MultiPoint"",""coordinates"":[]}"
00000000000000000014,US,1692,2021-07-16 07:00:00+00:00,2021-07-10 07:00:00+00:00,42.61600112915039,-121.4209976196289,,6,2021-07-13,204,42.61600112915039,-121.4209976196289,300.0,Oregon,GOES,America/Los_Angeles,,,,,,"{""type"":""MultiPoint"",""coordinates"":[]}"
0000000000000000002d,US,2114,2021-07-19 06:00:00+00:00,2021-07-13 06:00:00+00:00,45.68299865722656,-113.85399627685547,,6,2021-07-16,206,45.68299865722656,-113.85399627685547,,southwest Montana,GOES,America/Denver,,,,,,"{""type"":""MultiPoint"",""coordinates"":[]}"
00000000000000000015,US,1692,2021-07-20 07:00:00+00:00,2021-07-14 07:00:00+00:00,42.61600112915039,-121.4209976196289,,6,2021-07-17,209,42.61600112915039,-121.4209976196289,211.0,Oregon,GOES,America/Los_Angeles,,,,,,"{""type"":""MultiPoint"",""coordinates"":[]}"
00000000000000000023,US,963,2021-07-22 07:00:00+00:00,2021-07-16 07:00:00+00:00,49.20000076293945,-118.88999938964844,,6,2021-07-19,214,49.20000076293945,-118.88999938964844,2140.0,Northern Washington,GOES,America/Vancouver,,,,,,"{""type"":""MultiPoint"",""coordinates"":[]}"
00000000000000000017,US,1097,2021-07-23 07:00:00+00:00,2021-07-17 07:00:00+00:00,40.0,-121.19999694824219,,6,2021-07-20,213,40.0,-121.19999694824219,2100.0,Northern California,GOES,America/Los_Angeles,,,,,,"{""type"":""MultiPoint"",""coordinates"":[]}"
00000000000000000018,US,1389,2021-08-02 07:00:00+00:00,2021-07-27 07:00:00+00:00,40.15999984741211,-120.87999725341797,,6,2021-07-30,221,40.15999984741211,-120.87999725341797,2200.0,Northern California,GOES,America/Los_Angeles,,,,,,"{""type"":""MultiPoint"",""coordinates"":[]}"
00000000000000000024,US,963,2021-08-02 07:00:00+00:00,2021-07-27 07:00:00+00:00,49.20000076293945,-118.88999938964844,,6,2021-07-30,223,49.20000076293945,-118.88999938964844,2300.0,Northern Washington,GOES,America/Vancouver,,,,,,"{""type"":""MultiPoint"",""coordinates"":[]}"
00000000000000000008,US,1174,2021-08-03 07:00:00+00:00,2021-07-28 07:00:00+00:00,40.349998474121094,-123.04000091552734,,6,2021-07-31,222,40.349998474121094,-123.04000091552734,2130.0,Northern California,GOES,America/Los_Angeles,,,,,,"{""type"":""MultiPoint"",""coordinates"":[]}"
00000000000000000007,US,1182,2021-08-08 07:00:00+00:00,2021-08-02 07:00:00+00:00,40.75199890136719,-123.33699798583984,,6,2021-08-05,231,40.75199890136719,-123.33699798583984,,California,GOES,America/Los_Angeles,,,,,,"{""type"":""MultiPoint"",""coordinates"":[]}"
0000000000000000001d,US,1862,2021-08-08 07:00:00+00:00,2021-08-02 07:00:00+00:00,41.209999084472656,-120.66999816894531,,6,2021-08-05,230,41.209999084472656,-120.66999816894531,,Northern California,GOES,America/Los_Angeles,,,,,,"{""type"":""MultiPoint"",""coordinates"":[]}"
00000000000000000028,US,916,2021-08-08 07:00:00+00:00,2021-08-02 07:00:00+00:00,44.5,-117.37999725341797,,6,2021-08-05,228,44.5,-117.37999725341797,,Eastern Oregon,GOES,America/Los_Angeles,,,,,,"{""type"":""MultiPoint"",""coordinates"":[]}"
0000000000000000002f,US,2580,2021-08-09 06:00:00+00:00,2021-08-03 06:00:00+00:00,46.553001403808594,-111.35600280761719,,6,2021-08-06,233,46.553001403808594,-111.35600280761719,,Central Montana,GOES,America/Denver,,,,,,"{""type"":""MultiPoint"",""coordinates"":[]}"
00000000000000000032,US,1722,2021-08-09 06:00:00+00:00,2021-08-03 06:00:00+00:00,46.70000076293945,-111.0,,6,2021-08-06,232,46.70000076293945,-111.0,,Montana,GOES,America/Denver,,,,,,"{""type"":""MultiPoint"",""coordinates"":[]}"
0000000000000000001a,US,1795,2021-08-13 07:00:00+00:00,2021-08-07 07:00:00+00:00,40.25,-120.69999694824219,,6,2021-08-10,236,40.25,-120.69999694824219,400.0,California,GOES,America/Los_Angeles,,,,,,"{""type"":""MultiPoint"",""coordinates"":[]}"
00000000000000000009,US,1174,2021-08-16 07:00:00+00:00,2021-08-10 07:00:00+00:00,40.349998474121094,-123.04000091552734,,6,2021-08-13,240,40.349998474121094,-123.04000091552734,,California,GOES,America/Los_Angeles,,,,,,"{""type"":""MultiPoint"",""coordinates"":[]}"
0000000000000000001b,US,1795,2021-08-16 07:00:00+00:00,2021-08-10 07:00:00+00:00,40.25,-120.69999694824219,,6,2021-08-13,238,40.25,-120.69999694824219,,California,GOES,America/Los_Angeles,,,,,,"{""type"":""MultiPoint"",""coordinates"":[]}"
0000000000000000001e,US,1862,2021-08-16 07:00:00+00:00,2021-08-10 07:00:00+00:00,41.209999084472656,-120.66999816894531,,6,2021-08-13,239,41.209999084472656,-120.66999816894531,,California,GOES,America/Los_Angeles,,,,,,"{""type"":""MultiPoint"",""coordinates"":[]}"
0000000000000000001c,US,1795,2021-08-17 07:00:00+00:00,2021-08-11 07:00:00+00:00,40.25,-120.69999694824219,,6,2021-08-14,241,40.25,-120.69999694824219,,California,GOES,America/Los_Angeles,,,,,,"{""type"":""MultiPoint"",""coordinates"":[]}"
0000000000000000002b,US,2090,2021-09-12 06:00:00+00:00,2021-09-06 06:00:00+00:00,44.53200149536133,-115.3290023803711,,6,2021-09-09,245,44.53200149536133,-115.3290023803711,2200.0,Central Idaho,GOES,America/Boise,,,,,,"{""type"":""MultiPoint"",""coordinates"":[]}"
0000000000000000001f,US,1887,2021-09-12 07:00:00+00:00,2021-09-06 07:00:00+00:00,42.277000427246094,-120.61299896240234,,6,2021-09-09,244,42.277000427246094,-120.61299896240234,2200.0,Southern Oregon,GOES,America/Los_Angeles,,,,,,"{""type"":""MultiPoint"",""coordinates"":[]}"
00000000000000000027,US,1482,2021-09-27 07:00:00+00:00,2021-09-21 07:00:00+00:00,35.900001525878906,-118.5,,6,2021-09-24,247,35.900001525878906,-118.5,1330.0,California,GOES,America/Los_Angeles,,,,,,"{""type"":""MultiPoint"",""coordinates"":[]}"
00000000000000000025,US,1724,2021-10-07 07:00:00+00:00,2021-10-01 07:00:00+00:00,36.56700134277344,-118.81099700927734,,6,2021-10-04,250,36.56700134277344,-118.81099700927734,1725.0,California,GOES,America/Los_Angeles,,,,,,"{""type"":""MultiPoint"",""coordinates"":[]}"
0000000000000000004c,US,8,2022-04-04 04:00:00+00:00,2022-03-29 04:00:00+00:00,25.61055564880371,-80.41304779052734,,6,2022-04-01,253,25.61055564880371,-80.41304779052734,2355.0,Southern Florida,GOES,America/New_York,,,,,,"{""type"":""MultiPoint"",""coordinates"":[]}"
00000000000000000039,US,2416,2022-04-25 06:00:00+00:00,2022-04-19 06:00:00+00:00,35.79999923706055,-105.4000015258789,,6,2022-04-22,255,35.79999923706055,-105.4000015258789,2330.0,New Mexico,GOES,America/Denver,,,,,,"{""type"":""MultiPoint"",""coordinates"":[]}"
00000000000000000036,US,2426,2022-05-20 06:00:00+00:00,2022-05-14 06:00:00+00:00,33.30400085449219,-107.91799926757812,,6,2022-05-17,256,33.30400085449219,-107.91799926757812,26.0,New Mexico,GOES,America/Denver,,,,,,"{""type"":""MultiPoint"",""coordinates"":[]}"
00000000000000000038,US,2352,2022-05-20 06:00:00+00:00,2022-05-14 06:00:00+00:00,37.099998474121094,-107.0999984741211,,6,2022-05-17,257,37.099998474121094,-107.0999984741211,2300.0,Colorado,GOES,America/Denver,,,,,,"{""type"":""MultiPoint"",""coordinates"":[]}"
00000000000000000000,US,,2022-06-14 08:00:00+00:00,2022-06-08 08:00:00+00:00,63.29999923706055,-155.60000610351562,,6,2022-06-11,260,63.29999923706055,-155.60000610351562,2300.0,Alaska,GOES,America/Anchorage,,,,,,"{""type"":""MultiPoint"",""coordinates"":[]}"
00000000000000000001,US,,2022-06-15 08:00:00+00:00,2022-06-09 08:00:00+00:00,63.79999923706055,-153.39999389648438,,6,2022-06-12,258,63.79999923706055,-153.39999389648438,300.0,Alaska,GOES,America/Anchorage,,,,,,"{""type"":""MultiPoint"",""coordinates"":[]}"
0000000000000000003e,US,1774,2022-06-17 06:00:00+00:00,2022-06-11 06:00:00+00:00,36.20000076293945,-104.4800033569336,,6,2022-06-14,261,36.20000076293945,-104.4800033569336,2236.0,New Mexico,GOES,America/Denver,,,,,,"{""type"":""MultiPoint"",""coordinates"":[]}"
0000000000000000003a,US,2741,2022-06-19 06:00:00+00:00,2022-06-13 06:00:00+00:00,36.20000076293945,-105.19999694824219,,6,2022-06-16,262,36.20000076293945,-105.19999694824219,2030.0,New Mexico,GOES,America/Denver,,,,,,"{""type"":""MultiPoint"",""coordinates"":[]}"
00000000000000000002,US,,2022-07-05 08:00:00+00:00,2022-06-29 08:00:00+00:00,65.5,-149.6999969482422,,6,2022-07-02,265,65.5,-149.6999969482422,550.0,Alaska,GOES,America/Anchorage,,,,,,"{""type"":""MultiPoint"",""coordinates"":[]}"
00000000000000000004,US,,2022-07-05 08:00:00+00:00,2022-06-29 08:00:00+00:00,65.5999984741211,-149.5,,6,2022-07-02,266,65.5999984741211,-149.5,719.0,Alaska,GOES,America/Anchorage,,,,,,"{""type"":""MultiPoint"",""coordinates"":[]}"
00000000000000000041,Canada,261,2021-05-16 05:00:00+00:00,2021-05-10 05:00:00+00:00,51.79999923706055,-99.0999984741211,,6,2021-05-13,177,51.79999923706055,-99.0999984741211,2200.0,Manitoba,GOES,America/Winnipeg,,,,,,"{""type"":""MultiPoint"",""coordinates"":[]}"
00000000000000000010,Canada,671,2021-07-03 07:00:00+00:00,2021-06-27 07:00:00+00:00,51.0,-121.9000015258789,,6,2021-06-30,186,51.0,-121.9000015258789,2200.0,British Columbia,GOES,America/Vancouver,,,,,,"{""type"":""MultiPoint"",""coordinates"":[]}"
00000000000000000012,Canada,196,2021-07-03 07:00:00+00:00,2021-06-27 07:00:00+00:00,50.231111,-121.581389,,6,2021-06-30,188,50.231111,-121.581389,,British Columbia,GOES,America/Vancouver,,,,,,"{""type"":""MultiPoint"",""coordinates"":[]}"
00000000000000000019,Canada,1105,2021-07-03 07:00:00+00:00,2021-06-27 07:00:00+00:00,51.0,-120.80000305175781,,6,2021-06-30,187,51.0,-120.80000305175781,2200.0,British Columbia,GOES,America/Vancouver,,,,,,"{""type"":""MultiPoint"",""coordinates"":[]}"
0000000000000000000a,Canada,1003,2021-07-04 07:00:00+00:00,2021-06-28 07:00:00+00:00,57.5,-123.0,,6,2021-07-01,190,57.5,-123.0,200.0,British Columbia,GOES,America/Dawson_Creek,,,,,,"{""type"":""MultiPoint"",""coordinates"":[]}"
00000000000000000046,Canada,371,2021-07-08 05:00:00+00:00,2021-07-02 05:00:00+00:00,51.400001525878906,-94.5999984741211,,6,2021-07-05,191,51.400001525878906,-94.5999984741211,1750.0,Ontario Manitoba,GOES,America/Rainy_River,,,,,,"{""type"":""MultiPoint"",""coordinates"":[]}"
00000000000000000042,Canada,292,2021-07-14 05:00:00+00:00,2021-07-08 05:00:00+00:00,52.29999923706055,-96.0,,6,2021-07-11,201,52.29999923706055,-96.0,2130.0,Manitoba,GOES,America/Winnipeg,,,,,,"{""type"":""MultiPoint"",""coordinates"":[]}"
00000000000000000043,Canada,367,2021-07-14 05:00:00+00:00,2021-07-08 05:00:00+00:00,50.79999923706055,-95.0,,6,2021-07-11,202,50.79999923706055,-95.0,2130.0,Manitoba,GOES,America/Rainy_River,,,,,,"{""type"":""MultiPoint"",""coordinates"":[]}"
00000000000000000047,Canada,332,2021-07-14 05:00:00+00:00,2021-07-08 05:00:00+00:00,52.91999816894531,-94.38999938964844,,6,2021-07-11,200,52.91999816894531,-94.38999938964844,,Manitoba,GOES,America/Rainy_River,,,,,,"{""type"":""MultiPoint"",""coordinates"":[]}"
00000000000000000033,Canada,543,2021-07-14 06:00:00+00:00,2021-07-08 06:00:00+00:00,57.599998474121094,-110.30000305175781,,6,2021-07-11,198,57.599998474121094,-110.30000305175781,220.0,Alberta,GOES,America/Edmonton,,,,,,"{""type"":""MultiPoint"",""coordinates"":[]}"
0000000000000000003d,Canada,423,2021-07-14 06:00:00+00:00,2021-07-08 06:00:00+00:00,54.900001525878906,-104.5,,6,2021-07-11,199,54.900001525878906,-104.5,100.0,Saskatchewan,GOES,America/Regina,,,,,,"{""type"":""MultiPoint"",""coordinates"":[]}"
0000000000000000004a,Canada,333,2021-07-15 05:00:00+00:00,2021-07-09 05:00:00+00:00,52.38999938964844,-93.63999938964844,,6,2021-07-12,203,52.38999938964844,-93.63999938964844,1950.0,Northwestern Ontario,GOES,America/Rainy_River,,,,,,"{""type"":""MultiPoint"",""coordinates"":[]}"
0000000000000000003c,Canada,465,2021-07-18 06:00:00+00:00,2021-07-12 06:00:00+00:00,53.900001525878906,-104.5,,6,2021-07-15,210,53.900001525878906,-104.5,,Saskatchewan,GOES,America/Regina,,,,,,"{""type"":""MultiPoint"",""coordinates"":[]}"
0000000000000000003f,Canada,363,2021-07-18 06:00:00+00:00,2021-07-12 06:00:00+00:00,56.0,-103.0,,6,2021-07-15,205,56.0,-103.0,2000.0,Northern Saskatchewan,GOES,America/Regina,,,,,,"{""type"":""MultiPoint"",""coordinates"":[]}"
00000000000000000045,Canada,408,2021-07-19 05:00:00+00:00,2021-07-13 05:00:00+00:00,50.5,-94.69999694824219,,6,2021-07-16,208,50.5,-94.69999694824219,54.0,Ontario,GOES,America/Rainy_River,,,,,,"{""type"":""MultiPoint"",""coordinates"":[]}"
00000000000000000049,Canada,392,2021-07-19 05:00:00+00:00,2021-07-13 05:00:00+00:00,51.0,-93.8499984741211,,6,2021-07-16,211,51.0,-93.8499984741211,1740.0,Western Ontario,GOES,America/Rainy_River,,,,,,"{""type"":""MultiPoint"",""coordinates"":[]}"
0000000000000000003b,Canada,510,2021-07-19 06:00:00+00:00,2021-07-13 06:00:00+00:00,57.650001525878906,-105.0,,6,2021-07-16,207,57.650001525878906,-105.0,150.0,north central saskatchewan,GOES,America/Regina,,,,,,"{""type"":""MultiPoint"",""coordinates"":[]}"
00000000000000000048,Canada,399,2021-07-21 05:00:00+00:00,2021-07-15 05:00:00+00:00,51.380001068115234,-94.04000091552734,,6,2021-07-18,212,51.380001068115234,-94.04000091552734,2140.0,"Manitoba, just east of lake winnipeg",GOES,America/Rainy_River,,,,,,"{""type"":""MultiPoint"",""coordinates"":[]}"
00000000000000000005,Canada,,2021-07-23 07:00:00+00:00,2021-07-17 07:00:00+00:00,64.0999984741211,-133.0,,6,2021-07-20,216,64.0999984741211,-133.0,110.0,Yukon,GOES,America/Whitehorse,,,,,,"{""type"":""MultiPoint"",""coordinates"":[]}"
00000000000000000006,Canada,,2021-07-23 07:00:00+00:00,2021-07-17 07:00:00+00:00,63.099998474121094,-132.8000030517578,,6,2021-07-20,215,63.099998474121094,-132.8000030517578,50.0,Yukon,GOES,America/Whitehorse,,,,,,"{""type"":""MultiPoint"",""coordinates"":[]}"
00000000000000000016,Canada,519,2021-07-24 07:00:00+00:00,2021-07-18 07:00:00+00:00,50.400001525878906,-121.30000305175781,,6,2021-07-21,217,50.400001525878906,-121.30000305175781,2320.0,British Columbia,GOES,America/Vancouver,,,,,,"{""type"":""MultiPoint"",""coordinates"":[]}"
0000000000000000000c,Canada,39,2021-08-03 07:00:00+00:00,2021-07-28 07:00:00+00:00,49.0,-122.5,,6,2021-07-31,227,49.0,-122.5,2000.0,,GOES,America/Los_Angeles,,,,,,"{""type"":""MultiPoint"",""coordinates"":[]}"
00000000000000000011,Canada,1091,2021-08-03 07:00:00+00:00,2021-07-28 07:00:00+00:00,51.599998474121094,-121.80000305175781,,6,2021-07-31,224,51.599998474121094,-121.80000305175781,2120.0,British Columbia,GOES,America/Vancouver,,,,,,"{""type"":""MultiPoint"",""coordinates"":[]}"
00000000000000000022,Canada,939,2021-08-04 07:00:00+00:00,2021-07-29 07:00:00+00:00,50.400001525878906,-119.80000305175781,,6,2021-08-01,225,50.400001525878906,-119.80000305175781,20.0,British Columbia,GOES,America/Vancouver,,,,,,"{""type"":""MultiPoint"",""coordinates"":[]}"
0000000000000000002a,Canada,1288,2021-08-04 07:00:00+00:00,2021-07-29 07:00:00+00:00,47.20000076293945,-115.5,,6,2021-08-01,226,47.20000076293945,-115.5,400.0,British Columbia,GOES,America/Los_Angeles,,,,,,"{""type"":""MultiPoint"",""coordinates"":[]}"
0000000000000000000f,Canada,1112,2021-08-08 07:00:00+00:00,2021-08-02 07:00:00+00:00,51.0,-122.0,,6,2021-08-05,229,51.0,-122.0,100.0,British Columbia,GOES,America/Vancouver,,,,,,"{""type"":""MultiPoint"",""coordinates"":[]}"
00000000000000000044,Canada,373,2021-08-23 05:00:00+00:00,2021-08-17 05:00:00+00:00,51.060001373291016,-94.7300033569336,,6,2021-08-20,242,51.060001373291016,-94.7300033569336,,Western Ontario,GOES,America/Rainy_River,,,,,,"{""type"":""MultiPoint"",""coordinates"":[]}"
0000000000000000002c,Canada,,2022-06-28 06:00:00+00:00,2022-06-22 06:00:00+00:00,62.0,-115.30000305175781,,6,2022-06-25,263,62.0,-115.30000305175781,1900.0,Great Slave Lake,GOES,America/Yellowknife,,,,,,"{""type"":""MultiPoint"",""coordinates"":[]}"
0000000000000000004d,Russia,462,2021-06-06 16:00:00+00:00,2021-05-31 16:00:00+00:00,59.599998474121094,108.19999694824219,,6,2021-06-04,178,59.599998474121094,108.19999694824219,1120.0,Irkutsk Oblast,HIMAWARI,Asia/Irkutsk,,,,,,"{""type"":""MultiPoint"",""coordinates"":[]}"
00000000000000000064,Russia,,2021-07-07 15:00:00+00:00,2021-07-01 15:00:00+00:00,63.0,132.10000610351562,,6,2021-07-05,193,63.0,132.10000610351562,420.0,,HIMAWARI,Asia/Yakutsk,,,,,,"{""type"":""MultiPoint"",""coordinates"":[]}"
00000000000000000065,Russia,,2021-07-07 15:00:00+00:00,2021-07-01 15:00:00+00:00,62.599998474121094,133.8000030517578,,6,2021-07-05,194,62.599998474121094,133.8000030517578,520.0,,HIMAWARI,Asia/Yakutsk,,,,,,"{""type"":""MultiPoint"",""coordinates"":[]}"
00000000000000000066,Russia,,2021-07-07 15:00:00+00:00,2021-07-01 15:00:00+00:00,62.70000076293945,134.5,,6,2021-07-05,192,62.70000076293945,134.5,250.0,,HIMAWARI,Asia/Khandyga,,,,,,"{""type"":""MultiPoint"",""coordinates"":[]}"
00000000000000000052,Russia,,2021-07-10 15:00:00+00:00,2021-07-04 15:00:00+00:00,62.5,117.5,,6,2021-07-08,195,62.5,117.5,500.0,,HIMAWARI,Asia/Yakutsk,,,,,,"{""type"":""MultiPoint"",""coordinates"":[]}"
000000000000000000a2,Russia,,2021-07-12 12:00:00+00:00,2021-07-06 12:00:00+00:00,67.5999984741211,161.5,,6,2021-07-10,197,67.5999984741211,161.5,640.0,,HIMAWARI,Asia/Anadyr,,,,,,"{""type"":""MultiPoint"",""coordinates"":[]}"
00000000000000000054,Russia,,2021-07-28 15:00:00+00:00,2021-07-22 15:00:00+00:00,65.30000305175781,118.80000305175781,,6,2021-07-26,219,65.30000305175781,118.80000305175781,1440.0,,HIMAWARI,Asia/Yakutsk,,,,,,"{""type"":""MultiPoint"",""coordinates"":[]}"
00000000000000000058,Russia,,2021-07-28 15:00:00+00:00,2021-07-22 15:00:00+00:00,65.80000305175781,120.19999694824219,,6,2021-07-26,218,65.80000305175781,120.19999694824219,920.0,,HIMAWARI,Asia/Yakutsk,,,,,,"{""type"":""MultiPoint"",""coordinates"":[]}"
00000000000000000050,Russia,,2021-07-29 15:00:00+00:00,2021-07-23 15:00:00+00:00,64.4000015258789,114.19999694824219,,6,2021-07-27,220,64.4000015258789,114.19999694824219,800.0,,HIMAWARI,Asia/Yakutsk,,,,,,"{""type"":""MultiPoint"",""coordinates"":[]}"
00000000000000000053,Russia,,2021-08-09 15:00:00+00:00,2021-08-03 15:00:00+00:00,65.9000015258789,117.80000305175781,,6,2021-08-07,234,65.9000015258789,117.80000305175781,420.0,,HIMAWARI,Asia/Yakutsk,,,,,,"{""type"":""MultiPoint"",""coordinates"":[]}"
0000000000000000004e,Russia,,2022-06-27 15:00:00+00:00,2022-06-21 15:00:00+00:00,64.0,113.0,,6,2022-06-25,264,64.0,113.0,449.0,,HIMAWARI,Asia/Yakutsk,,,,,,"{""type"":""MultiPoint"",""coordinates"":[]}"
0000000000000000005e,Australia,206,2021-01-25 16:00:00+00:00,2021-01-19 16:00:00+00:00,-32.04999923706055,123.5199966430664,,6,2021-01-23,126,-32.04999923706055,123.5199966430664,,Balladonia,HIMAWARI,Australia/Perth,,,,,,"{""type"":""MultiPoint"",""coordinates"":[]}"
0000000000000000005f,Australia,206,2021-01-25 16:00:00+00:00,2021-01-19 16:00:00+00:00,-32.04999923706055,123.5199966430664,,6,2021-01-23,175,-32.04999923706055,123.5199966430664,630.0,Balladonia,HIMAWARI,Australia/Perth,,,,,,"{""type"":""MultiPoint"",""coordinates"":[]}"
00000000000000000068,Australia,26,2021-10-22 14:00:00+00:00,2021-10-16 14:00:00+00:00,-16.399999618530273,142.0,,6,2021-10-20,251,-16.399999618530273,142.0,600.0,Queensland,HIMAWARI,Australia/Brisbane,,,,,,"{""type"":""MultiPoint"",""coordinates"":[]}"
00000000000000000051,Australia,111,2022-03-14 16:00:00+00:00,2022-03-08 16:00:00+00:00,-34.485072,115.862642,,6,2022-03-12,252,-34.485072,115.862642,520.0,Western Australia,HIMAWARI,Australia/Perth,,,,,,"{""type"":""MultiPoint"",""coordinates"":[]}"
00000000000000000040,US,872,2018-05-19 05:00:00+00:00,2018-05-08 05:00:00+00:00,34.90563388546137,-101.21203770453324,11,11,2018-05-18,160,35.0,-100.98999786376953,1900.0,Texas,GOES,America/Chicago,34.90563388546137,-101.21203770453324,2018-05-19,20981943,2018-05-08,"{""type"":""MultiPoint"",""coordinates"":[]}"
0000000000000000004b,Canada,365,2018-05-28 05:00:00+00:00,2018-05-18 05:00:00+00:00,52.03695084930005,-95.27154679104213,10,10,2018-05-22,161,51.46666717529297,-90.183333,1930.0,Ontario,GOES,America/Winnipeg,52.03695084930005,-95.27154679104213,2018-05-28,20981631,2018-05-18,"{""type"":""MultiPoint"",""coordinates"":[]}"
00000000000000000037,US,2162,2018-06-22 06:00:00+00:00,2018-05-30 06:00:00+00:00,37.4736599392361,-107.88261658468363,23,23,2018-06-09,162,37.46099853515625,-107.80799865722656,2200.0,Colorado,GOES,America/Denver,37.4736599392361,-107.88261658468363,2018-06-22,20981924,2018-05-30,"{""type"":""MultiPoint"",""coordinates"":[]}"
00000000000000000029,US,701,2018-08-03 07:00:00+00:00,2018-07-25 07:00:00+00:00,33.71531064666969,-116.69917954493611,9,9,2018-07-25,164,33.720001220703125,-116.80000305175781,2100.0,California,GOES,America/Los_Angeles,33.71531064666969,-116.69917954493611,2018-08-03,21122094,2018-07-25,"{""type"":""MultiPoint"",""coordinates"":[]}"
00000000000000000021,US,731,2018-08-15 07:00:00+00:00,2018-07-12 07:00:00+00:00,37.62912657202743,-119.8068567437455,34,34,2018-07-15,163,37.652000427246094,-119.88099670410156,2300.0,California,GOES,America/Los_Angeles,37.62912657202743,-119.8068567437455,2018-08-15,21121935,2018-07-12,"{""type"":""MultiPoint"",""coordinates"":[]}"
0000000000000000000b,US,395,2018-08-24 07:00:00+00:00,2018-07-23 07:00:00+00:00,40.70206732557745,-122.59024772071352,32,32,2018-07-27,165,40.654300689697266,-122.62359619140625,1800.0,California,GOES,America/Los_Angeles,40.70206732557745,-122.59024772071352,2018-08-24,21121763,2018-07-23,"{""type"":""MultiPoint"",""coordinates"":[]}"
0000000000000000000e,US,409,2018-09-20 07:00:00+00:00,2018-08-08 07:00:00+00:00,40.99455419356622,-122.38861458344537,43,43,2018-09-05,166,40.88999938964844,-122.22799682617188,22.0,California,GOES,America/Los_Angeles,40.99455419356622,-122.38861458344537,2018-09-20,21230673,2018-08-08,"{""type"":""MultiPoint"",""coordinates"":[]}"
0000000000000000006b,Australia,438,2019-02-10 13:00:00+00:00,2019-01-30 13:00:00+00:00,-37.94584665620738,146.50354196990196,11,11,2019-02-03,65,-37.959999084472656,146.52999877929688,,Walhalla,HIMAWARI,Australia/Melbourne,-37.94584665620738,146.50354196990196,2019-02-11,21842834,2019-01-31,"{""type"":""MultiPoint"",""coordinates"":[]}"
0000000000000000007c,Australia,1164,2019-02-14 13:00:00+00:00,2019-01-17 13:00:00+00:00,-37.28859250276435,148.122002524497,28,28,2019-01-25,63,-37.099998474121094,148.10000610351562,,Timbarra,HIMAWARI,Australia/Melbourne,-37.28859250276435,148.122002524497,2019-02-15,21842819,2019-01-18,"{""type"":""MultiPoint"",""coordinates"":[]}"
00000000000000000080,Australia,1226,2019-02-14 13:00:00+00:00,2019-01-17 13:00:00+00:00,-37.28859250276435,148.122002524497,28,28,2019-02-03,64,-36.970001220703125,148.16000366210938,,Timbarra,HIMAWARI,Australia/Melbourne,-37.28859250276435,148.122002524497,2019-02-15,21842819,2019-01-18,"{""type"":""MultiPoint"",""coordinates"":[]}"
00000000000000000059,Australia,360,2019-03-03 16:00:00+00:00,2019-02-17 16:00:00+00:00,-32.64823979839147,120.6931782668032,14,14,2019-02-27,66,-32.5,120.69999694824219,,Goldfields,HIMAWARI,Australia/Perth,-32.64823979839147,120.6931782668032,2019-03-04,21929150,2019-02-18,"{""type"":""MultiPoint"",""coordinates"":[]}"
0000000000000000005b,Australia,241,2019-03-04 16:00:00+00:00,2019-01-18 16:00:00+00:00,-33.05292712657922,122.95107548793462,45,45,2019-02-27,67,-33.0,122.69999694824219,,Goldfields,HIMAWARI,Australia/Perth,-33.05292712657922,122.95107548793462,2019-03-05,21841641,2019-01-19,"{""type"":""MultiPoint"",""coordinates"":[]}"
0000000000000000005c,Australia,241,2019-03-04 16:00:00+00:00,2019-01-18 16:00:00+00:00,-33.05292712657922,122.95107548793462,45,45,2019-02-27,68,-33.0,122.69999694824219,,Goldfields,HIMAWARI,Australia/Perth,-33.05292712657922,122.95107548793462,2019-03-05,21841641,2019-01-19,"{""type"":""MultiPoint"",""coordinates"":[]}"
00000000000000000062,Australia,385,2019-03-04 16:00:00+00:00,2019-02-20 16:00:00+00:00,-29.564092837199855,124.44618919917404,12,12,2019-03-01,168,-29.5,124.4000015258789,537.0,Western Australia,HIMAWARI,Australia/Perth,-29.564092837199855,124.44618919917404,2019-03-05,21929034,2019-02-21,"{""type"":""MultiPoint"",""coordinates"":[]}"
00000000000000000063,Australia,437,2019-03-05 16:00:00+00:00,2019-02-28 16:00:00+00:00,-23.868675593144776,124.72577519790515,5,5,2019-03-01,69,-24.5,124.5,,Goldfields,HIMAWARI,Australia/Perth,-23.868675593144776,124.72577519790515,2019-03-06,22015567,2019-03-01,"{""type"":""MultiPoint"",""coordinates"":[]}"
00000000000000000061,Australia,402,2019-03-06 16:00:00+00:00,2019-02-21 16:00:00+00:00,-28.56549355525615,123.90171634578324,13,13,2019-03-01,70,-28.5,124.30000305175781,,Goldfields,HIMAWARI,Australia/Perth,-28.56549355525615,123.90171634578324,2019-03-07,21928981,2019-02-22,"{""type"":""MultiPoint"",""coordinates"":[]}"
00000000000000000069,Australia,125,2019-03-07 13:00:00+00:00,2019-02-26 13:00:00+00:00,-37.98891633393008,145.67977330272475,9,9,2019-03-02,72,-38.0,145.6999969482422,,Bunyip,HIMAWARI,Australia/Melbourne,-37.98891633393008,145.67977330272475,2019-03-08,21929941,2019-02-27,"{""type"":""MultiPoint"",""coordinates"":[]}"
00000000000000000072,Australia,995,2019-03-12 13:00:00+00:00,2019-02-24 13:00:00+00:00,-37.308685786766546,146.99841389522717,16,16,2019-03-05,79,-37.29999923706055,147.0,,Tea TreeRange,HIMAWARI,Australia/Melbourne,-37.308685786766546,146.99841389522717,2019-03-13,21929910,2019-02-25,"{""type"":""MultiPoint"",""coordinates"":[]}"
00000000000000000074,Australia,258,2019-03-12 13:00:00+00:00,2019-02-24 13:00:00+00:00,-37.308685786766546,146.99841389522717,16,16,2019-03-04,77,-37.400001525878906,147.10000610351562,,Dargo,HIMAWARI,Australia/Melbourne,-37.308685786766546,146.99841389522717,2019-03-13,21929910,2019-02-25,"{""type"":""MultiPoint"",""coordinates"":[]}"
00000000000000000070,Australia,1345,2019-03-12 13:00:00+00:00,2019-02-28 13:00:00+00:00,-37.501826919764675,146.82437045868676,12,12,2019-03-04,78,-37.5,146.8000030517578,,Mt Wellington,HIMAWARI,Australia/Melbourne,-37.501826919764675,146.82437045868676,2019-03-13,22015685,2019-03-01,"{""type"":""MultiPoint"",""coordinates"":[]}"
00000000000000000073,Australia,857,2019-03-14 13:00:00+00:00,2019-02-25 13:00:00+00:00,-37.140795895157666,147.26589546810692,17,17,2019-03-03,176,-37.0,147.0,,Victorian high coungry,HIMAWARI,Australia/Melbourne,-37.140795895157666,147.26589546810692,2019-03-15,21929901,2019-02-26,"{""type"":""MultiPoint"",""coordinates"":[]}"
00000000000000000076,Australia,1320,2019-03-14 13:00:00+00:00,2019-02-25 13:00:00+00:00,-37.140795895157666,147.26589546810692,17,17,2019-03-04,76,-37.099998474121094,147.1999969482422,,High Plains,HIMAWARI,Australia/Melbourne,-37.140795895157666,147.26589546810692,2019-03-15,21929901,2019-02-26,"{""type"":""MultiPoint"",""coordinates"":[]}"
00000000000000000077,Australia,1283,2019-03-14 13:00:00+00:00,2019-02-25 13:00:00+00:00,-37.140795895157666,147.26589546810692,17,17,2019-03-05,80,-37.20000076293945,147.27000427246094,,Dargo,HIMAWARI,Australia/Melbourne,-37.140795895157666,147.26589546810692,2019-03-15,21929901,2019-02-26,"{""type"":""MultiPoint"",""coordinates"":[]}"
00000000000000000078,Australia,1109,2019-03-14 13:00:00+00:00,2019-02-25 13:00:00+00:00,-37.140795895157666,147.26589546810692,17,17,2019-03-05,82,-37.20000076293945,147.3000030517578,,Dargo,HIMAWARI,Australia/Melbourne,-37.140795895157666,147.26589546810692,2019-03-15,21929901,2019-02-26,"{""type"":""MultiPoint"",""coordinates"":[]}"
0000000000000000006c,Australia,520,2019-03-22 13:00:00+00:00,2019-02-27 13:00:00+00:00,-37.677616080117495,146.79380045681063,23,23,2019-03-03,73,-37.650001525878906,146.6999969482422,,Licola,HIMAWARI,Australia/Melbourne,-37.677616080117495,146.79380045681063,2019-03-23,21929928,2019-02-28,"{""type"":""MultiPoint"",""coordinates"":[]}"
0000000000000000006d,Australia,778,2019-03-22 13:00:00+00:00,2019-02-27 13:00:00+00:00,-37.677616080117495,146.79380045681063,23,23,2019-03-02,71,-37.599998474121094,146.6999969482422,,Licola,HIMAWARI,Australia/Melbourne,-37.677616080117495,146.79380045681063,2019-03-23,21929928,2019-02-28,"{""type"":""MultiPoint"",""coordinates"":[]}"
0000000000000000006e,Australia,505,2019-03-22 13:00:00+00:00,2019-02-27 13:00:00+00:00,-37.677616080117495,146.79380045681063,23,23,2019-03-04,75,-37.70000076293945,146.75,,Licola,HIMAWARI,Australia/Melbourne,-37.677616080117495,146.79380045681063,2019-03-23,21929928,2019-02-28,"{""type"":""MultiPoint"",""coordinates"":[]}"
0000000000000000006f,Australia,372,2019-03-22 13:00:00+00:00,2019-02-27 13:00:00+00:00,-37.677616080117495,146.79380045681063,23,23,2019-03-05,81,-37.70000076293945,146.8000030517578,,Licola,HIMAWARI,Australia/Melbourne,-37.677616080117495,146.79380045681063,2019-03-23,21929928,2019-02-28,"{""type"":""MultiPoint"",""coordinates"":[]}"
00000000000000000071,Australia,158,2019-03-22 13:00:00+00:00,2019-02-27 13:00:00+00:00,-37.677616080117495,146.79380045681063,23,23,2019-03-03,74,-38.20000076293945,146.89999389648438,,Bunyip,HIMAWARI,Australia/Melbourne,-37.677616080117495,146.79380045681063,2019-03-23,21929928,2019-02-28,"{""type"":""MultiPoint"",""coordinates"":[]}"
00000000000000000067,Russia,86,2019-05-03 14:00:00+00:00,2019-04-28 14:00:00+00:00,48.97463953614769,135.0038764317056,5,5,2019-04-30,169,48.483333,135.083333,310.0,Khabarovsk,HIMAWARI,Asia/Vladivostok,48.97463953614769,135.0038764317056,2019-05-04,22069174,2019-04-29,"{""type"":""MultiPoint"",""coordinates"":[]}"
00000000000000000026,US,933,2019-08-20 07:00:00+00:00,2019-08-09 07:00:00+00:00,47.41562499572037,-116.88603112667832,11,11,2019-08-19,267,47.97999954223633,-118.6240005493164,20000.0,Washington,GOES,America/Los_Angeles,47.41562499572037,-116.88603112667832,2019-08-20,22395267,2019-08-09,"{""type"":""MultiPoint"",""coordinates"":[]}"
0000000000000000009f,Australia,2,2019-11-27 13:00:00+00:00,2019-11-14 13:00:00+00:00,-32.31874999715215,151.956343999865,13,13,2019-11-22,171,-32.814998626708984,151.8419952392578,407.0,New South Wales,HIMAWARI,Australia/Sydney,-32.31874999715215,151.956343999865,2019-11-28,22810493,2019-11-15,"{""type"":""MultiPoint"",""coordinates"":[]}"
00000000000000000057,Australia,388,2019-12-22 16:00:00+00:00,2019-12-01 16:00:00+00:00,-32.55783591444346,120.13662229943428,21,21,2019-12-18,87,-32.599998474121094,120.0,,Esperance,HIMAWARI,Australia/Perth,-32.55783591444346,120.13662229943428,2019-12-23,22890292,2019-12-02,"{""type"":""MultiPoint"",""coordinates"":[]}"
000000000000000000a1,Australia,284,2019-12-30 13:00:00+00:00,2019-11-28 13:00:00+00:00,-28.71876440005104,152.35806964733436,32,32,2019-12-10,115,-28.700000762939453,152.39999389648438,,Paddys flat,HIMAWARI,Australia/Sydney,-28.71876440005104,152.35806964733436,2019-12-31,22811957,2019-11-29,"{""type"":""MultiPoint"",""coordinates"":[]}"
0000000000000000008f,Australia,873,2020-01-01 13:00:00+00:00,2019-12-08 13:00:00+00:00,-33.03736960766296,149.91697661885854,24,24,2019-12-21,90,-33.0,149.8000030517578,,Ilford,HIMAWARI,Australia/Sydney,-33.03736960766296,149.91697661885854,2020-01-02,22892376,2019-12-09,"{""type"":""MultiPoint"",""coordinates"":[]}"
000000000000000000a0,Australia,1181,2020-01-09 13:00:00+00:00,2019-11-12 13:00:00+00:00,-29.354137377596018,152.21154624265907,58,58,2019-12-10,111,-29.5,152.1999969482422,,Gibraltar Range,HIMAWARI,Australia/Sydney,-29.354137377596018,152.21154624265907,2020-01-10,22811973,2019-11-13,"{""type"":""MultiPoint"",""coordinates"":[]}"
00000000000000000092,Australia,563,2020-01-10 13:00:00+00:00,2019-12-23 13:00:00+00:00,-34.958266126017065,150.00452157734114,18,18,2019-12-29,172,-35.0,150.0,1600.0,Victoria,HIMAWARI,Australia/Sydney,-34.958266126017065,150.00452157734114,2020-01-11,22892839,2019-12-24,"{""type"":""MultiPoint"",""coordinates"":[]}"
0000000000000000009e,Australia,984,2020-01-11 13:00:00+00:00,2019-11-02 13:00:00+00:00,-31.58987524185331,151.985554857728,70,70,2019-12-10,114,-31.399999618530273,151.8000030517578,,Mt Carrington,HIMAWARI,Australia/Sydney,-31.58987524185331,151.985554857728,2020-01-12,22810288,2019-11-03,"{""type"":""MultiPoint"",""coordinates"":[]}"
0000000000000000008d,Australia,985,2020-01-11 13:00:00+00:00,2019-11-23 13:00:00+00:00,-34.10131475076489,150.23332124225468,49,49,2019-12-19,88,-34.119998931884766,149.7899932861328,,West of Sydney,HIMAWARI,Australia/Sydney,-34.10131475076489,150.23332124225468,2020-01-12,22810814,2019-11-24,"{""type"":""MultiPoint"",""coordinates"":[]}"
00000000000000000091,Australia,1131,2020-01-11 13:00:00+00:00,2019-11-23 13:00:00+00:00,-34.10131475076489,150.23332124225468,49,49,2019-12-10,85,-34.08000183105469,149.97999572753906,,Mt Werong,HIMAWARI,Australia/Sydney,-34.10131475076489,150.23332124225468,2020-01-12,22810814,2019-11-24,"{""type"":""MultiPoint"",""coordinates"":[]}"
00000000000000000093,Australia,634,2020-01-11 13:00:00+00:00,2019-11-23 13:00:00+00:00,-34.10131475076489,150.23332124225468,49,49,2019-12-29,98,-34.29999923706055,150.0,,Wombeyan Caves area,HIMAWARI,Australia/Sydney,-34.10131475076489,150.23332124225468,2020-01-12,22810814,2019-11-24,"{""type"":""MultiPoint"",""coordinates"":[]}"
00000000000000000060,Australia,155,2020-01-12 16:00:00+00:00,2019-11-25 16:00:00+00:00,-33.03830362155145,123.57748920677706,48,48,2020-01-08,122,-33.099998474121094,123.9000015258789,,Belladonia,HIMAWARI,Australia/Perth,-33.03830362155145,123.57748920677706,2020-01-13,22808846,2019-11-26,"{""type"":""MultiPoint"",""coordinates"":[]}"
00000000000000000055,Australia,392,2020-01-12 16:00:00+00:00,2019-12-17 16:00:00+00:00,-32.159934375080006,121.49992248322637,26,26,2020-01-08,123,-32.5,119.5999984741211,,Bald Rock Fire,HIMAWARI,Australia/Perth,-32.159934375080006,121.49992248322637,2020-01-13,22890283,2019-12-18,"{""type"":""MultiPoint"",""coordinates"":[]}"
00000000000000000056,Australia,383,2020-01-12 16:00:00+00:00,2019-12-17 16:00:00+00:00,-32.159934375080006,121.49992248322637,26,26,2020-01-08,124,-33.0,120.0,,Lake King Fire,HIMAWARI,Australia/Perth,-32.159934375080006,121.49992248322637,2020-01-13,22890283,2019-12-18,"{""type"":""MultiPoint"",""coordinates"":[]}"
0000000000000000005a,Australia,351,2020-01-12 16:00:00+00:00,2019-12-17 16:00:00+00:00,-32.159934375080006,121.49992248322637,26,26,2020-01-08,125,-31.899999618530273,121.5999984741211,,Wingarnie,HIMAWARI,Australia/Perth,-32.159934375080006,121.49992248322637,2020-01-13,22890283,2019-12-18,"{""type"":""MultiPoint"",""coordinates"":[]}"
00000000000000000095,Australia,1148,2020-01-13 13:00:00+00:00,2019-10-24 13:00:00+00:00,-33.090942055895965,150.552663595925,81,81,2020-01-01,116,-32.720001220703125,150.25,,Nullo Mtn,HIMAWARI,Australia/Sydney,-33.090942055895965,150.552663595925,2020-01-14,22732209,2019-10-25,"{""type"":""MultiPoint"",""coordinates"":[]}"
00000000000000000097,Australia,907,2020-01-13 13:00:00+00:00,2019-10-24 13:00:00+00:00,-33.090942055895965,150.552663595925,81,81,2019-12-10,113,-33.400001525878906,150.3000030517578,,Cockatoo Hill,HIMAWARI,Australia/Sydney,-33.090942055895965,150.552663595925,2020-01-14,22732209,2019-10-25,"{""type"":""MultiPoint"",""coordinates"":[]}"
00000000000000000098,Australia,964,2020-01-13 13:00:00+00:00,2019-10-24 13:00:00+00:00,-33.090942055895965,150.552663595925,81,81,2019-12-10,112,-32.79999923706055,150.3000030517578,,Nullo Mtn,HIMAWARI,Australia/Sydney,-33.090942055895965,150.552663595925,2020-01-14,22732209,2019-10-25,"{""type"":""MultiPoint"",""coordinates"":[]}"
0000000000000000009a,Australia,781,2020-01-13 13:00:00+00:00,2019-10-24 13:00:00+00:00,-33.090942055895965,150.552663595925,81,81,2019-12-21,92,-33.599998474121094,150.39999389648438,,Mt Irvine,HIMAWARI,Australia/Sydney,-33.090942055895965,150.552663595925,2020-01-14,22732209,2019-10-25,"{""type"":""MultiPoint"",""coordinates"":[]}"
0000000000000000009c,Australia,357,2020-01-13 13:00:00+00:00,2019-10-24 13:00:00+00:00,-33.090942055895965,150.552663595925,81,81,2019-11-22,83,-33.599998474121094,150.44000244140625,,Grose Valley,HIMAWARI,Australia/Sydney,-33.090942055895965,150.552663595925,2020-01-14,22732209,2019-10-25,"{""type"":""MultiPoint"",""coordinates"":[]}"
00000000000000000090,Australia,367,2020-01-19 13:00:00+00:00,2019-11-21 13:00:00+00:00,-35.23357305670536,150.218570528418,59,59,2019-12-28,95,-35.58000183105469,149.97000122070312,,Ulladulla area,HIMAWARI,Australia/Sydney,-35.23357305670536,150.218570528418,2020-01-20,22810914,2019-11-22,"{""type"":""MultiPoint"",""coordinates"":[]}"
00000000000000000094,Australia,729,2020-01-19 13:00:00+00:00,2019-11-21 13:00:00+00:00,-35.23357305670536,150.218570528418,59,59,2019-12-28,97,-35.0,150.1999969482422,,Mt Tianjara,HIMAWARI,Australia/Sydney,-35.23357305670536,150.218570528418,2020-01-20,22810914,2019-11-22,"{""type"":""MultiPoint"",""coordinates"":[]}"
00000000000000000096,Australia,678,2020-01-19 13:00:00+00:00,2019-11-21 13:00:00+00:00,-35.23357305670536,150.218570528418,59,59,2019-12-21,91,-35.189998626708984,150.27999877929688,,Ulladulla,HIMAWARI,Australia/Sydney,-35.23357305670536,150.218570528418,2020-01-20,22810914,2019-11-22,"{""type"":""MultiPoint"",""coordinates"":[]}"
00000000000000000099,Australia,129,2020-01-19 13:00:00+00:00,2019-11-21 13:00:00+00:00,-35.23357305670536,150.218570528418,59,59,2020-01-04,117,-34.79999923706055,150.39999389648438,,Nowra,HIMAWARI,Australia/Sydney,-35.23357305670536,150.218570528418,2020-01-20,22810914,2019-11-22,"{""type"":""MultiPoint"",""coordinates"":[]}"
0000000000000000009b,Australia,217,2020-01-19 13:00:00+00:00,2019-11-21 13:00:00+00:00,-35.23357305670536,150.218570528418,59,59,2019-12-28,96,-34.900001525878906,150.42999267578125,,Nowra area,HIMAWARI,Australia/Sydney,-35.23357305670536,150.218570528418,2020-01-20,22810914,2019-11-22,"{""type"":""MultiPoint"",""coordinates"":[]}"
0000000000000000009d,Australia,150,2020-01-19 13:00:00+00:00,2019-11-21 13:00:00+00:00,-35.23357305670536,150.218570528418,59,59,2019-12-31,109,-35.0,150.5,,Nowra,HIMAWARI,Australia/Sydney,-35.23357305670536,150.218570528418,2020-01-20,22810914,2019-11-22,"{""type"":""MultiPoint"",""coordinates"":[]}"
0000000000000000005d,Australia,216,2020-01-19 16:00:00+00:00,2019-12-19 16:00:00+00:00,-32.4245125177346,123.3119796236742,31,31,2020-01-08,121,-32.70000076293945,123.19999694824219,,Belladonia,HIMAWARI,Australia/Perth,-32.4245125177346,123.3119796236742,2020-01-20,22890293,2019-12-20,"{""type"":""MultiPoint"",""coordinates"":[]}"
0000000000000000006a,Australia,866,2020-01-26 13:00:00+00:00,2019-12-09 13:00:00+00:00,-37.44122689539977,148.85285228205476,48,48,2019-12-10,84,-37.5,146.39999389648438,,Mt Skene,HIMAWARI,Australia/Melbourne,-37.44122689539977,148.85285228205476,2020-01-27,22891122,2019-12-10,"{""type"":""MultiPoint"",""coordinates"":[]}"
00000000000000000075,Australia,872,2020-01-26 13:00:00+00:00,2019-12-09 13:00:00+00:00,-37.44122689539977,148.85285228205476,48,48,2019-12-14,86,-37.400001525878906,147.1999969482422,,Grant Junction,HIMAWARI,Australia/Melbourne,-37.44122689539977,148.85285228205476,2020-01-27,22891122,2019-12-10,"{""type"":""MultiPoint"",""coordinates"":[]}"
00000000000000000079,Australia,249,2020-01-26 13:00:00+00:00,2019-12-09 13:00:00+00:00,-37.44122689539977,148.85285228205476,48,48,2019-12-30,107,-37.619998931884766,147.6300048828125,,Bullumwaal,HIMAWARI,Australia/Melbourne,-37.44122689539977,148.85285228205476,2020-01-27,22891122,2019-12-10,"{""type"":""MultiPoint"",""coordinates"":[]}"
0000000000000000007a,Australia,467,2020-01-26 13:00:00+00:00,2019-12-09 13:00:00+00:00,-37.44122689539977,148.85285228205476,48,48,2019-12-30,105,-37.400001525878906,147.8000030517578,,Ensay,HIMAWARI,Australia/Melbourne,-37.44122689539977,148.85285228205476,2020-01-27,22891122,2019-12-10,"{""type"":""MultiPoint"",""coordinates"":[]}"
0000000000000000007b,Australia,223,2020-01-26 13:00:00+00:00,2019-12-09 13:00:00+00:00,-37.44122689539977,148.85285228205476,48,48,2019-12-20,89,-37.650001525878906,147.85000610351562,,Tambo Crossing,HIMAWARI,Australia/Melbourne,-37.44122689539977,148.85285228205476,2020-01-27,22891122,2019-12-10,"{""type"":""MultiPoint"",""coordinates"":[]}"
0000000000000000007f,Australia,1059,2020-01-26 13:00:00+00:00,2019-12-09 13:00:00+00:00,-37.44122689539977,148.85285228205476,48,48,2019-12-30,106,-37.09000015258789,148.1300048828125,,Diggers Hole,HIMAWARI,Australia/Melbourne,-37.44122689539977,148.85285228205476,2020-01-27,22891122,2019-12-10,"{""type"":""MultiPoint"",""coordinates"":[]}"
00000000000000000084,Australia,5,2020-01-26 13:00:00+00:00,2019-12-09 13:00:00+00:00,-37.44122689539977,148.85285228205476,48,48,2019-12-30,110,-37.709999084472656,148.44000244140625,,Goonjerah,HIMAWARI,Australia/Melbourne,-37.44122689539977,148.85285228205476,2020-01-27,22891122,2019-12-10,"{""type"":""MultiPoint"",""coordinates"":[]}"
00000000000000000085,Australia,450,2020-01-26 13:00:00+00:00,2019-12-09 13:00:00+00:00,-37.44122689539977,148.85285228205476,48,48,2019-12-29,99,-37.29999923706055,148.6999969482422,,Goonjerah,HIMAWARI,Australia/Melbourne,-37.44122689539977,148.85285228205476,2020-01-27,22891122,2019-12-10,"{""type"":""MultiPoint"",""coordinates"":[]}"
00000000000000000086,Australia,1062,2020-01-26 13:00:00+00:00,2019-12-09 13:00:00+00:00,-37.44122689539977,148.85285228205476,48,48,2019-12-30,101,-37.29999923706055,148.89999389648438,,Wulgulmerang,HIMAWARI,Australia/Melbourne,-37.44122689539977,148.85285228205476,2020-01-27,22891122,2019-12-10,"{""type"":""MultiPoint"",""coordinates"":[]}"
00000000000000000089,Australia,95,2020-01-26 13:00:00+00:00,2019-12-09 13:00:00+00:00,-37.44122689539977,148.85285228205476,48,48,2019-12-29,100,-37.599998474121094,149.39999389648438,,Cann River,HIMAWARI,Australia/Melbourne,-37.44122689539977,148.85285228205476,2020-01-27,22891122,2019-12-10,"{""type"":""MultiPoint"",""coordinates"":[]}"
0000000000000000008a,Australia,95,2020-01-26 13:00:00+00:00,2019-12-09 13:00:00+00:00,-37.44122689539977,148.85285228205476,48,48,2019-12-30,103,-37.599998474121094,149.39999389648438,,Cann River,HIMAWARI,Australia/Melbourne,-37.44122689539977,148.85285228205476,2020-01-27,22891122,2019-12-10,"{""type"":""MultiPoint"",""coordinates"":[]}"
0000000000000000008b,Australia,95,2020-01-26 13:00:00+00:00,2019-12-09 13:00:00+00:00,-37.44122689539977,148.85285228205476,48,48,2019-12-30,104,-37.599998474121094,149.39999389648438,,Cann River,HIMAWARI,Australia/Melbourne,-37.44122689539977,148.85285228205476,2020-01-27,22891122,2019-12-10,"{""type"":""MultiPoint"",""coordinates"":[]}"
0000000000000000007d,Australia,737,2020-01-26 13:00:00+00:00,2019-12-25 13:00:00+00:00,-35.98004533739531,148.0760531112648,32,32,2020-01-04,119,-36.5,148.10000610351562,,W of Mt Kosciuszko,HIMAWARI,Australia/Sydney,-35.98004533739531,148.0760531112648,2020-01-27,22890983,2019-12-26,"{""type"":""MultiPoint"",""coordinates"":[]}"
0000000000000000007e,Australia,1146,2020-01-26 13:00:00+00:00,2019-12-25 13:00:00+00:00,-35.98004533739531,148.0760531112648,32,32,2019-12-31,108,-35.70000076293945,148.10000610351562,,Yarrangobilly,HIMAWARI,Australia/Sydney,-35.98004533739531,148.0760531112648,2020-01-27,22890983,2019-12-26,"{""type"":""MultiPoint"",""coordinates"":[]}"
00000000000000000081,Australia,567,2020-01-26 13:00:00+00:00,2019-12-25 13:00:00+00:00,-35.98004533739531,148.0760531112648,32,32,2019-12-28,93,-35.41999816894531,148.16000366210938,,Tumut area,HIMAWARI,Australia/Sydney,-35.98004533739531,148.0760531112648,2020-01-27,22890983,2019-12-26,"{""type"":""MultiPoint"",""coordinates"":[]}"
00000000000000000082,Australia,840,2020-01-26 13:00:00+00:00,2019-12-25 13:00:00+00:00,-35.98004533739531,148.0760531112648,32,32,2020-01-04,118,-35.5,148.3000030517578,,Cabramurra,HIMAWARI,Australia/Sydney,-35.98004533739531,148.0760531112648,2020-01-27,22890983,2019-12-26,"{""type"":""MultiPoint"",""coordinates"":[]}"
00000000000000000083,Australia,840,2020-01-26 13:00:00+00:00,2019-12-25 13:00:00+00:00,-35.98004533739531,148.0760531112648,32,32,2020-01-04,120,-35.5,148.3000030517578,,Cabramurra,HIMAWARI,Australia/Sydney,-35.98004533739531,148.0760531112648,2020-01-27,22890983,2019-12-26,"{""type"":""MultiPoint"",""coordinates"":[]}"
00000000000000000087,Australia,792,2020-02-17 13:00:00+00:00,2019-12-23 13:00:00+00:00,-36.17858972912477,149.72510962541415,56,56,2020-01-04,173,-36.23500061035156,149.125833,319.0,New South Wales,HIMAWARI,Australia/Sydney,-36.17858972912477,149.72510962541415,2020-02-18,22893220,2019-12-24,"{""type"":""MultiPoint"",""coordinates"":[]}"
00000000000000000088,Australia,792,2020-02-17 13:00:00+00:00,2019-12-23 13:00:00+00:00,-36.17858972912477,149.72510962541415,56,56,2020-02-01,174,-36.23500061035156,149.125833,311.0,New South Wales,HIMAWARI,Australia/Sydney,-36.17858972912477,149.72510962541415,2020-02-18,22893220,2019-12-24,"{""type"":""MultiPoint"",""coordinates"":[]}"
0000000000000000008c,Australia,1118,2020-02-17 13:00:00+00:00,2019-12-23 13:00:00+00:00,-36.17858972912477,149.72510962541415,56,56,2019-12-28,94,-36.16999816894531,149.5,,Badja area,HIMAWARI,Australia/Sydney,-36.17858972912477,149.72510962541415,2020-02-18,22893220,2019-12-24,"{""type"":""MultiPoint"",""coordinates"":[]}"
0000000000000000008e,Australia,216,2020-02-17 13:00:00+00:00,2019-12-23 13:00:00+00:00,-36.17858972912477,149.72510962541415,56,56,2019-12-30,102,-36.099998474121094,149.8000030517578,,E of Cooma,HIMAWARI,Australia/Sydney,-36.17858972912477,149.72510962541415,2020-02-18,22893220,2019-12-24,"{""type"":""MultiPoint"",""coordinates"":[]}"
00000000000000000003,US,,2020-06-12 08:00:00+00:00,2020-06-05 08:00:00+00:00,65.85841048789823,-149.53645827506242,7,7,2020-06-08,259,65.9000015258789,-149.60000610351562,,Alaska,GOES,America/Anchorage,65.85841048789823,-149.53645827506242,2020-06-12,23353806,2020-06-05,"{""type"":""MultiPoint"",""coordinates"":[]}"
